Index,Name,Price
A,Agilent Technologies Inc,$96.33
AA,Alcoa Corp,$13.00
AABA,#N/A,#N/A
AAL,American Airlines Group Inc,$11.12
AAP,"Advance Auto Parts, Inc.",$150.14
AAPL,Apple Inc.,$425.04
ABBV,AbbVie Inc,$94.91
ABEV,Ambev SA - ADR,$2.68
ABT,Abbott Laboratories,$100.64
ACHN,Aluminum Corp. of China Limited ADR Class H,$138.00
ADBE,Adobe Inc,$444.32
ADI,"Analog Devices, Inc.",$114.85
ADM,Archer-Daniels-Midland Co,$42.83
ADP,Automatic Data Processing Inc,$132.91
ADSK,"Autodesk, Inc.",$236.43
AEO,American Eagle Outfitters Inc,$10.00
AEP,American Electric Power Company Inc,$86.88
AES,AES Corp,$15.23
AFL,AFLAC Incorporated,$35.57
AG,First Majestic Silver Corp.,$13.33
AGNC,AGNC Investment Corp,$13.60
AIG,American International Group Inc,$32.14
AKAM,"Akamai Technologies, Inc.",$112.44
AKS,AK STL HLDG COR/SH SH,$0.00
AL,Air Lease Corp Class A,$26.22
ALGN,"Align Technology, Inc.",$293.82
ALL,Allstate Corp,$94.39
ALLT,Allot Ltd,$12.14
ALLY,Ally Financial Inc,$20.10
ALRS,Alerus Financial Corp,$19.38
ALXN,"Alexion Pharmaceuticals, Inc.",$102.49
AM,Antero Midstream Corp,$5.67
AMAT,"Applied Materials, Inc.",$64.33
AMC,AMC Entertainment Holdings Inc,$4.04
AMD,"Advanced Micro Devices, Inc.",$77.43
AME,"AMETEK, Inc.",$93.25
AMGN,"Amgen, Inc.",$244.67
AMH,American Homes 4 Rent Class A,$29.00
AMRX,Amneal Pharmaceuticals Inc,$4.33
AMT,American Tower Corp,$261.39
AMTD,TD Ameritrade Holding Corp.,$35.89
AMZN,"Amazon.com, Inc.","$3,164.68"
ANET,Arista Networks Inc,$259.77
ANF,Abercrombie & Fitch Co.,$9.63
ANGI,ANGI Homeservices Inc,$15.79
ANSS,"ANSYS, Inc.",$310.60
ANTM,Anthem Inc,$273.80
AOS,A. O. Smith Corp,$48.14
APA,Apache Corporation,$15.35
APD,"Air Products & Chemicals, Inc.",$286.63
APH,Amphenol Corporation,$105.76
APPS,Digital Turbine Inc,$13.88
AR,Antero Resources Corp,$2.96
ARCC,Ares Capital Corporation,$14.10
ARI,Apollo Commercial Real Est. Finance Inc,$9.30
ARMK,Aramark,$21.12
ARNC,Arconic Corp (PITTSBURGH),$16.29
ARQL,#N/A,#N/A
ARR,"ARMOUR Residential REIT, Inc.",$9.34
ASML,ASML Holding NV,$353.72
ASNA,Ascena Retail Group Inc,$0.72
ATHM,Autohome Inc,$87.65
ATR,"AptarGroup, Inc.",$115.20
ATUS,Altice USA Inc,$26.99
ATVI,"Activision Blizzard, Inc.",$82.63
AU,AngloGold Ashanti Limited,$32.19
AUY,Yamana Gold Inc,$6.51
AVB,AvalonBay Communities Inc,$153.12
AVGO,Broadcom Inc,$316.75
AVLR,Avalara Inc,$134.45
AVP,"Avcorp Industries, Inc.",$0.10
AXL,"American Axle & Manufact. Holdings, Inc.",$7.06
AXP,American Express Company,$93.32
AXTA,Axalta Coating Systems Ltd,$22.20
AZO,"AutoZone, Inc.","$1,207.42"
BA,Boeing Co,$158.00
BABA,Alibaba Group Holding Ltd - ADR,$251.02
BAC,Bank of America Corp,$24.88
BAH,Booz Allen Hamilton Holding Corporation,$81.76
BAM,Brookfield Asset Management Inc,$32.33
BAP,Credicorp Ltd.,$127.17
BAX,Baxter International Inc,$86.38
BB,BlackBerry Ltd,$4.74
BBAR,Banco Bbva Argentina SA,$4.14
BBD,Banco Bradesco SA,$4.22
BBY,Best Buy Co Inc,$99.59
BDC,Belden Inc.,$31.60
BDX,Becton Dickinson and Co,$281.34
BEN,"Franklin Resources, Inc.",$21.05
BEP,Brookfield Renewable Partners LP,$43.09
BG,Bunge Ltd,$43.44
BHC,Bausch Health Companies Inc,$18.27
BHP,BHP Group Ltd,$52.84
BID,Bidenergy Ltd,$0.71
BIDU,Baidu Inc ADR Class A,$119.40
BIIB,Biogen Inc,$274.69
BILI,Bilibili Inc - ADR,$43.58
BIO,"Bio-Rad Laboratories, Inc. Class A Common Stock",$524.89
BIP,Brookfield Infrastructure Partners L.P.,$41.84
BITA,Bitauto Hldg Ltd,$15.88
BJ,BJs Wholesale Club Holdings Inc,$40.05
BK,Bank of New York Mellon Corp,$35.85
BKNG,Booking Holdings Inc,"$1,662.13"
BKR,Baker Hughes Co,$15.49
BLK,"BlackRock, Inc.",$575.01
BLL,Ball Corporation,$73.63
BMA,Banco Macro SA ADR Class B,$21.28
BMRN,BioMarin Pharmaceutical Inc.,$119.81
BMY,Bristol-Myers Squibb Co,$58.66
BOX,Box Inc,$17.95
BRFS,BRF S.A. (ADR) common stock,$3.98
BRX,Brixmor Property Group Inc,$11.51
BSBR,Banco Santander Brasil SA ADR,$5.72
BSMX,Banco Santndr Mxco SAIntcndeBncMul,$3.16
BSX,Boston Scientific Corporation,$38.57
BTG,B2Gold Corp.,$6.90
BVN,Compania de Minas Buenaventura SAA,$11.86
BWA,BorgWarner Inc.,$36.60
BX,Blackstone Group Inc,$53.28
BYND,Beyond Meat Inc,$125.90
C,Citigroup Inc,$50.01
CAG,Conagra Brands Inc,$37.45
CAH,Cardinal Health Inc,$54.62
CAJ,Canon Inc,$16.17
CARS,Cars.com Inc,$8.12
CAT,Caterpillar Inc.,$132.88
CBL,"CBL & Associates Properties, Inc.",$0.18
CBOE,Cboe Global Markets Inc,$87.70
CBRE,CBRE Group Inc,$43.81
CC,Chemours Co,$18.53
CCI,Crown Castle International Corp,$166.70
CCL,Carnival Corp,$13.88
CCO,Clear Channel Outdoor Holdings Inc,$0.92
CDE,Coeur Mining Inc,$7.93
CDEV,Centennial Resource Development Inc,$0.79
CDNS,Cadence Design Systems Inc,$109.25
CELG,#N/A,#N/A
CEMEX,#N/A,#N/A
CERN,Cerner Corporation,$69.45
CF,"CF Industries Holdings, Inc.",$31.33
CFG,Citizens Financial Group Inc,$24.81
CG,Carlyle Group Inc,$28.47
CGNX,Cognex Corporation,$66.87
CHK,Cohiba Minerals Ltd,$0.01
CHKP,Check Point Software Technologies Ltd.,$125.35
CHL,China Mobile Ltd.,$34.06
CHS,"Chico's FAS, Inc.",$1.27
CHTR,Charter Communications Inc,$580.00
CHWY,Chewy Inc,$52.49
CI,Cigna Corp,$172.69
CIEN,Ciena Corporation,$59.51
CIG,COMPANHIA ENERG/S ADR,$2.32
CIM,Chimera Investment Corporation,$8.99
CL,Colgate-Palmolive Company,$77.20
CLDR,Cloudera Inc,$11.27
CLF,Cleveland-Cliffs Inc,$5.18
CLNY,Colony Capital Inc,$1.92
CLR,"Continental Resources, Inc.",$17.29
CLVS,Clovis Oncology Inc,$5.79
CMA,Comerica Incorporated,$38.52
CMCSA,Comcast Corporation,$42.80
CME,CME Group Inc,$166.18
CMG,"Chipotle Mexican Grill, Inc.","$1,155.16"
CNC,Centene Corp,$65.25
CNDT,Conduent Inc,$1.91
CNP,"CenterPoint Energy, Inc.",$19.01
CNX,CNX Resources Corp,$9.65
COF,Capital One Financial Corp.,$63.80
COG,Cabot Oil & Gas Corporation,$18.70
COLD,AmeriCold Realty Trust,$40.35
COMM,Commscope Holding Company Inc,$9.28
COP,ConocoPhillips,$37.39
COST,Costco Wholesale Corporation,$325.53
COTY,Coty Inc,$3.71
CPE,Callon Petroleum Company,$1.14
CRC,Corsurex Resource Corp,$0.08
CRM,"salesforce.com, inc.",$194.85
CROX,"Crocs, Inc.",$35.94
CRWD,Crowdstrike Holdings Inc,$113.20
CRZO,#N/A,#N/A
CSCO,"Cisco Systems, Inc.",$47.10
CSX,CSX Corporation,$71.34
CTAS,Cintas Corporation,$301.87
CTL,Centurylink Inc,$9.65
CTSH,Cognizant Technology Solutions Corp,$68.32
CTVA,Corteva Inc,$28.56
CTXS,"Citrix Systems, Inc.",$142.76
CVE,Cenovus Energy Inc,$4.46
CVS,CVS Health Corp,$62.94
CVX,Chevron Corporation,$83.94
CWEN,Clearway Energy Inc Class C,$24.54
CX,Cemex SAB de CV ADR,$3.06
CXO,Concho Resources Inc,$52.54
CY,#N/A,#N/A
CYH,Community Health Systems Inc,$4.98
CZR,Caesars Entertainment Corporation Common Stock,$31.05
D,Dominion Energy Inc,$81.03
DAL,"Delta Air Lines, Inc.",$24.97
DAN,Dana Inc,$11.43
DBX,Dropbox Inc,$22.75
DD,DuPont de Nemours Inc,$53.48
DDOG,Datadog Inc,$93.86
DE,Deere & Company,$176.31
DELL,Dell Technologies Inc,$59.83
DFS,Discover Financial Services,$49.43
DG,Dollar General Corp.,$190.40
DHI,D. R. Horton Inc,$66.16
DHR,Danaher Corporation,$203.80
DIS,Walt Disney Co,$116.94
DISCA,DISCOVERY COMMUNICATIONS INC. Common Stock,$21.10
DISCK,Discovery Inc Series C,$18.95
DISH,DISH Network Corp,$32.11
DLR,"Digital Realty Trust, Inc.",$160.54
DLTR,"Dollar Tree, Inc.",$93.35
DNKN,Dunkin Brands Group Inc,$68.73
DNR,#N/A,#N/A
DO,Diamond Offshore Drilling Inc,$20.33
DOCU,Docusign Inc,$216.83
DOW,Dow Inc,$41.06
DPZ,"Domino's Pizza, Inc.",$386.61
DRE,Duke Realty Corp,$40.19
DUK,Duke Energy Corp,$84.74
DVA,Davita Inc,$87.39
DVN,Devon Energy Corp,$10.49
DXC,DXC Technology Co,$17.91
EA,Electronic Arts Inc.,$141.62
EB,Eventbrite Inc,$8.52
EBAY,eBay Inc,$55.28
ECA,#N/A,#N/A
ECL,Ecolab Inc.,$187.08
ED,"Consolidated Edison, Inc.",$76.83
EDU,New Oriental Education & Tech Grp,$140.20
EFX,Equifax Inc.,$162.56
EGO,Eldorado Gold Corp,$12.59
EIX,Edison International,$55.67
EL,Estee Lauder Companies Inc,$197.54
ELAN,Elanco Animal Health Inc,$23.63
EMR,Emerson Electric Co.,$62.01
ENIA,Enel Americas SA,$7.57
ENLC,EnLink Midstream LLC,$2.45
EOG,EOG Resources Inc,$46.85
EPD,Enterprise Products Partners L.P.,$17.60
EQH,Equitable Holdings Inc,$20.46
EQIX,Equinix Inc,$785.48
EQNR,Equinor ASA,$14.91
EQR,Equity Residential,$53.63
EQT,EQT Corporation,$14.52
ERJ,Embraer SA,$5.78
ESI,Element Solutions Inc,$10.86
ET,Energy Transfer LP Unit,$6.55
ETFC,E*TRADE Financial Corp,$50.77
ETRN,Equitrans Midstream Corp,$9.65
ETSY,Etsy Inc,$118.38
EVR,Evercore Inc,$55.30
EW,Edwards Lifesciences Corp,$78.41
EXC,Exelon Corporation,$38.61
EXEL,"Exelixis, Inc.",$23.09
EXPE,Expedia Group Inc,$81.01
F,Ford Motor Company,$6.61
FAST,Fastenal Company,$47.04
FB,"Facebook, Inc. Common Stock",$253.67
FCAU,Fiat Chrysler Automobiles NV,$10.15
FCX,Freeport-McMoRan Inc,$12.92
FDS,FactSet Research Systems Inc.,$346.30
FDX,FedEx Corporation,$168.40
FE,FirstEnergy Corp.,$29.00
FEYE,FireEye Inc,$15.10
FFIV,"F5 Networks, Inc.",$135.90
FHN,First Horizon National Corp,$9.27
FIS,Fidelity National Information Servcs Inc,$146.31
FISV,Fiserv Inc,$99.79
FIT,Fitbit Inc,$6.54
FITB,Fifth Third Bancorp,$19.86
FL,"Foot Locker, Inc.",$29.39
FLEX,Flex Ltd,$11.49
FLR,Fluor Corporation (NEW),$10.19
FLT,"FleetCor Technologies, Inc.",$258.57
FOLD,"Amicus Therapeutics, Inc.",$14.45
FOXA,Fox Corp Class A,$25.77
FREQ,Frequency Therapeutics Inc,$21.14
FSK,FS KKR Capital Corp,$15.90
FSLR,"First Solar, Inc.",$59.55
FTI,TechnipFMC PLC,$8.03
FTNT,Fortinet Inc,$138.30
FTR,#N/A,#N/A
FTV,Fortive Corp,$70.19
FVRR,Fiverr International Ltd,$93.43
FWONK,Liberty Media Formula One Series C,$35.44
GCI,Gannett Co Inc,$1.48
GD,General Dynamics Corporation,$146.74
GDDY,Godaddy Inc,$70.28
GDS,GDS Holdings Ltd - ADR,$80.29
GE,General Electric Company,$6.07
GEO,The GEO Group Inc,$10.63
GES,"Guess?, Inc.",$10.34
GFI,Gold Fields Limited,$13.09
GGAL,Grupo Financiero Galicia S.A.,$12.00
GGB,Gerdau SA ADR,$3.34
GILD,"Gilead Sciences, Inc.",$69.53
GIS,"General Mills, Inc.",$63.27
GLUU,Glu Mobile Inc.,$9.44
GLW,Corning Incorporated,$31.00
GM,General Motors Company,$24.89
GME,GameStop Corp.,$4.01
GNL,Global Net Lease Inc,$16.65
GNTX,Gentex Corporation,$26.99
GNW,Genworth Financial Inc,$2.04
GO,Grocery Outlet Holding Corp,$43.99
GOL,Gol Linhas Aereas Inteligentes SA,$6.83
GOLD,Barrick Gold Corp,$28.91
GOOG,Alphabet Inc Class C,"$1,482.96"
GOOGL,Alphabet Inc Class A,"$1,487.95"
GPK,Graphic Packaging Holding Company,$13.94
GPOR,Gulfport Energy Corporation,$1.01
GPRO,GoPro Inc,$5.29
GPS,Gap Inc,$13.37
GRPN,Groupon Inc Common Stock,$15.35
GRUB,GrubHub Inc,$72.24
GS,Goldman Sachs Group Inc,$197.96
GT,Goodyear Tire & Rubber Co,$9.01
H,Hyatt Hotels Corporation,$48.00
HAL,Halliburton Company,$14.33
HAS,"Hasbro, Inc.",$72.76
HBAN,Huntington Bancshares Incorporated,$9.27
HBI,Hanesbrands Inc.,$14.13
HCA,HCA Healthcare Inc,$126.64
HCM,HUTCHISON CHINA/S ADR,$27.12
HD,Home Depot Inc,$265.49
HDB,HDFC Bank Limited,$46.75
HEI,Heico Corp,$96.12
HES,Hess Corp.,$49.21
HEXO,Hexo Corp,$0.68
HFC,HollyFrontier Corp,$27.50
HGV,Hilton Grand Vacations Inc,$20.30
HIG,Hartford Financial Services Group Inc,$42.32
HIMX,"Himax Technologies, Inc.",$3.88
HL,Hecla Mining Company,$5.52
HLF,Herbalife Nutrition Ltd,$51.24
HLT,Hilton Hotels Corporation Common Stock,$75.05
HMC,Honda Motor Co Ltd,$24.35
HMY,Harmony Gold Mining Co.,$6.45
HOG,Harley-Davidson Inc,$26.03
HOLX,"Hologic, Inc.",$69.78
HOME,At Home Group Inc,$12.42
HON,Honeywell International Inc.,$149.37
HPE,Hewlett Packard Enterprise Co,$9.87
HPQ,HP Inc,$17.58
HRB,H & R Block Inc,$14.50
HRL,Hormel Foods Corp,$50.86
HSIC,"Henry Schein, Inc.",$68.73
HST,Host Hotels and Resorts Inc,$10.78
HTHT,Huazhu Group Ltd,$34.33
HTZ,Hertz Global Holdings Inc,$1.45
HUBS,HubSpot Inc,$234.61
HUM,Humana Inc,$392.45
HUN,Huntsman Corporation,$18.50
HUYA,HUYA Inc - ADR,$24.32
IAG,Iamgold Corp,$4.98
IBKR,"Interactive Brokers Group, Inc.",$49.60
IBM,IBM Common Stock,$122.94
IBN,ICICI Bank Ltd,$9.39
ICE,Intercontinental Exchange Inc,$96.78
IDXX,"IDEXX Laboratories, Inc.",$397.75
IGMS,IGM Biosciences Inc,$50.26
IGT,International Game Technology PLC,$9.86
ILMN,"Illumina, Inc.",$382.16
IMGN,"ImmunoGen, Inc.",$4.11
INCY,Incyte Corporation,$98.76
INFN,Infinera Corp.,$7.89
INFY,Infosys Ltd ADR,$12.85
INTC,Intel Corporation,$47.73
INTU,Intuit Inc.,$306.37
INVH,Invitation Homes Inc,$29.82
IP,International Paper Co,$34.79
IPG,Interpublic Group of Companies Inc,$18.05
IQ,IQIYI Inc,$21.10
IRBT,iRobot Corporation,$72.69
IRM,Iron Mountain Inc,$28.19
ISBC,Investors Bancorp Inc,$8.12
ISRG,"Intuitive Surgical, Inc.",$685.44
IT,Gartner Inc,$124.64
ITUB,Itau Unibanco Holding SA ADR,$5.10
ITW,Illinois Tool Works Inc.,$184.99
IVR,Invesco Mortgage Capital Inc,$3.07
IVZ,Invesco Ltd.,$10.04
JBHT,J B Hunt Transport Services Inc,$129.40
JBLU,JetBlue Airways Corporation,$10.34
JCP,J C Penney Company Inc,$4.70
JD,JD.Com Inc,$63.79
JEF,Jefferies Financial Group Inc,$16.20
JKHY,"Jack Henry & Associates, Inc.",$178.30
JKS,"JinkoSolar Holding Co., Ltd",$19.15
JMIA,Jumia Technologies AG - ADR,$15.56
JNJ,Johnson & Johnson,$145.76
JNPR,"Juniper Networks, Inc.",$25.38
JPM,JPMorgan Chase & Co.,$96.64
JWN,"Nordstrom, Inc.",$13.69
K,Kellogg Company,$68.99
KAR,KAR Auction Services Inc,$15.13
KDP,Keurig Dr Pepper Inc,$30.59
KEY,KeyCorp,$12.01
KEYS,Keysight Technologies Inc,$99.89
KGC,Kinross Gold Corporation,$9.37
KHC,Kraft Heinz Co,$34.38
KIM,Kimco Realty Corp,$11.15
KKR,KKR & Co Inc,$35.37
KMB,Kimberly Clark Corp,$152.04
KMI,Kinder Morgan Inc,$14.10
KNX,Knight-Swift Transportation Holdings Inc,$43.49
KO,Coca-Cola Co,$47.24
KOS,Kosmos Energy Ltd,$1.61
KR,Kroger Co,$34.79
KSS,Kohl's Corporation,$19.04
KT,KT Corp,$9.86
KTOS,"Kratos Defense & Security Solutions, Inc",$18.01
LB,L Brands Inc,$24.41
LDOS,Leidos Holdings Inc,$95.16
LEN,Lennar Corporation,$72.35
LEVI,Levi Strauss & Co.,$12.16
LK,#N/A,#N/A
LKQ,LKQ Corporation,$28.19
LLY,Eli Lilly And Co,$150.29
LMT,Lockheed Martin Corporation,$378.97
LNG,"Cheniere Energy, Inc.",$49.48
LOMA,Loma Negra Compania Indl Argentina SA,$5.08
LOW,Lowe`s Companies Inc,$148.91
LPI,Laredo Petroleum Inc,$15.16
LPL,LG Display Co Ltd.,$5.31
LRCX,Lam Research Corporation,$377.16
LSCC,Lattice Semiconductor Corp,$31.09
LTC,LTC Properties Inc,$37.15
LTHM,Livent Corp,$6.27
LTM,M.U.L.-LYXOR MSCI E/SH EUR,$20.50
LULU,Lululemon Athletica Inc,$325.59
LUV,Southwest Airlines Co,$30.89
LVS,Las Vegas Sands Corp.,$43.64
LX,LexinFintech Holdings Ltd - ADR,$8.51
LXRX,"Lexicon Pharmaceuticals, Inc.",$1.94
LYFT,LYFT Inc,$29.23
LYV,"Live Nation Entertainment, Inc.",$46.81
M,Macy's Inc,$6.06
MA,Mastercard Inc,$308.53
MAR,Marriott International Inc,$83.83
MAS,Masco Corp,$57.16
MAT,Mattel Inc,$11.11
MBT,Mobil'nye Telesistemy PAO,$8.86
MCD,Mcdonald's Corp,$194.28
MCHP,Microchip Technology Inc.,$101.73
MCO,Moody's Corporation,$281.30
MDLZ,MONDELEZ INTERNATIONAL INC Common Stock,$55.49
MDR,Medadvisor Ltd,$0.48
MDRX,Allscripts Healthcare Solutions Inc,$9.00
MDT,Medtronic PLC,$96.48
MELI,Mercadolibre Inc,"$1,124.62"
MET,Metlife Inc,$37.85
MFA,"MFA Financial, Inc.",$2.63
MFG,Mizuho Financial Group Inc.,$2.50
MGI,Moneygram International Inc,$3.48
MGM,MGM Resorts International,$16.09
MIK,Michaels Companies Inc,$7.18
MLCO,Melco Resorts & Entertainment Ltd,$16.46
MMC,"Marsh & McLennan Companies, Inc.",$116.60
MMM,3M Co,$150.47
MNST,Monster Beverage Corp,$78.48
MO,Altria Group Inc,$41.15
MOMO,Momo Inc,$18.47
MORN,"Morningstar, Inc.",$168.04
MOS,Mosaic Co,$13.47
MPC,Marathon Petroleum Corp,$38.20
MPLX,MPLX LP,$18.27
MPW,"Medical Properties Trust, Inc.",$20.13
MRK,"Merck & Co., Inc.",$80.24
MRO,Marathon Oil Corporation,$5.49
MRVL,Marvell Technology Group Ltd.,$36.47
MS,Morgan Stanley,$48.88
MSFT,Microsoft Corporation,$205.01
MSI,Motorola Solutions Inc,$139.80
MTCH,Match Group Inc,$102.70
MTDR,Matador Resources Co,$8.68
MTG,MGIC Investment Corp.,$8.27
MU,"Micron Technology, Inc.",$50.06
MUFG,Mitsubishi UFJ Financial Group Inc,$3.74
MUR,Murphy Oil Corporation,$13.21
MUX,McEwen Mining Inc,$1.38
MXIM,Maxim Integrated Products Inc.,$68.09
MYL,Mylan NV,$16.11
NAVI,Navient Corp,$7.96
NBEV,New Age Beverages Corp,$2.27
NBIX,"Neurocrine Biosciences, Inc.",$120.36
NBL,"Noble Energy, Inc.",$9.99
NBR,Nabors Industries Ltd.,$42.41
NCLH,Norwegian Cruise Line Holdings Ltd,$13.64
NDAQ,Nasdaq Inc,$131.31
NEE,NextEra Energy Inc,$280.70
NEM,Newmont Corporation,$69.20
NET,Cloudflare Inc,$41.62
NFLX,Netflix Inc,$488.88
NIO,Nio Inc - ADR,$11.94
NKE,Nike Inc,$97.61
NKTR,Nektar Therapeutics,$22.16
NLOK,NortonLifeLock Inc,$21.45
NLY,"Annaly Capital Management, Inc.",$7.41
NMR,Nomura Holdings Inc,$4.69
NOAH,Noah Holdings Limited,$30.47
NOC,Northrop Grumman Corporation,$325.01
NOV,"National-Oilwell Varco, Inc.",$11.51
NPTN,NeoPhotonics Corp,$9.11
NRG,NRG Energy Inc,$33.81
NRZ,New Residential Investment Corp,$7.93
NSC,Norfolk Southern Corp.,$192.21
NTAP,NetApp Inc.,$44.30
NTES,NetEase Inc,$458.42
NTNX,Nutanix Inc,$22.19
NTRS,Northern Trust Corporation,$78.35
NUE,Nucor Corporation,$41.95
NUVA,"NuVasive, Inc.",$57.14
NVCR,Novocure Ltd,$75.79
NVDA,NVIDIA Corporation,$424.59
NVTA,InVitae Corp,$29.20
NWL,Newell Brands Inc,$16.40
NWSA,News Corp Class A,$12.72
NYCB,"New York Community Bancorp, Inc.",$10.53
NYMT,New York Mortgage Trust Inc,$2.62
NYT,New York Times Co,$46.14
O,Realty Income Corp,$60.05
OAS,Oasis Petroleum Inc.,$0.64
ODP,ODP Corp,$22.07
OKE,"ONEOK, Inc.",$27.91
OKTA,Okta Inc,$220.98
OLN,Olin Corporation,$11.24
OMC,Omnicom Group Inc.,$53.73
ON,ON Semiconductor Corp,$20.60
ONCE,#N/A,#N/A
ONVO,Organovo Holdings Inc,$0.66
OPK,Opko Health Inc.,$5.15
ORCL,Oracle Corporation,$55.45
ORLY,O'Reilly Automotive Inc,$477.38
OSTK,Overstock.com Inc,$75.59
OXY,Occidental Petroleum Corporation,$15.74
PAA,"Plains All American Pipeline, L.P.",$7.64
PAAS,Pan American Silver Corp.,$37.36
PAM,Pampa Energia S.A.,$10.94
PANW,Palo Alto Networks Inc,$255.92
PAYX,"Paychex, Inc.",$71.92
PBCT,"People's United Financial, Inc.",$10.79
PBF,PBF Energy Inc,$8.68
PBH,Prestige Consumer Healthcare Inc,$37.19
PBI,Pitney Bowes Inc.,$3.34
PBR,PETROLEO BRASIL/ADR,$8.67
PCAR,PACCAR Inc,$85.08
PCG,PG&E Corporation,$9.35
PD,Pagerduty Inc,$30.48
PDD,Pinduoduo Inc - ADR,$91.80
PE,Parsley Energy Inc,$10.98
PEG,Public Service Enterprise Group Inc.,$55.94
PEP,"PepsiCo, Inc.",$137.66
PFE,Pfizer Inc.,$38.48
PFPT,Proofpoint Inc,$115.67
PG,Procter & Gamble Co,$131.12
PGR,Progressive Corp,$90.34
PH,Parker-Hannifin Corp,$178.92
PHM,"PulteGroup, Inc.",$43.60
PINS,Pinterest Inc,$34.29
PLAN,Anaplan Inc,$45.41
PLD,Prologis Inc,$105.42
PLUG,Plug Power Inc,$7.71
PM,Philip Morris International Inc.,$76.81
PNC,PNC Financial Services Group Inc,$106.67
PPG,"PPG Industries, Inc.",$107.65
PPL,PPL Corp,$26.62
PRI,"Primerica, Inc.",$119.66
PRU,Prudential Financial Inc,$63.37
PS,Pluralsight Inc,$21.17
PSA,Public Storage,$199.88
PSTG,Pure Storage Inc,$17.86
PSX,Phillips 66,$62.02
PTEN,"Patterson-UTI Energy, Inc.",$3.88
PTON,Peloton Interactive Inc,$68.22
PVTL,#N/A,#N/A
PWR,Quanta Services Inc,$39.97
PXD,Pioneer Natural Resources Co,$96.92
PYPL,Paypal Holdings Inc,$196.07
QCOM,"QUALCOMM, Inc.",$105.61
QD,Qudian Inc - ADR,$1.62
QEP,QEP Resources Inc,$1.47
QLYS,Qualys Inc,$123.48
QRTEA,Qurate Retail Inc Series A,$10.91
QSR,Restaurant Brands International Inc,$56.52
QTWO,Q2 Holdings Inc,$94.05
RACE,Ferrari NV,$181.70
RAD,Rite Aid Corporation,$15.16
RCL,Royal Caribbean Cruises Ltd,$48.71
REAL,RealReal Inc,$13.64
REGI,Renewable Energy Group Inc,$27.58
REGN,Regeneron Pharmaceuticals Inc,$632.07
RES,"RPC, Inc.",$2.97
RF,Regions Financial Corp,$10.86
RL,Ralph Lauren Corp,$71.30
RLGY,Realogy Holdings Corp,$9.06
RMD,ResMed Inc.,$202.51
RNG,RingCentral Inc,$290.27
ROK,Rockwell Automation,$218.14
ROKU,Roku Inc,$154.89
ROST,"Ross Stores, Inc.",$89.67
RRC,Range Resources Corp.,$6.46
RTN,Restaurant Group PLC,$42.36
RUN,Sunrun Inc,$36.69
RY,Royal Bank of Canada,$69.09
S,Sherritt International Corp,$0.18
SBGL,#N/A,#N/A
SBH,"Sally Beauty Holdings, Inc.",$11.61
SBS,Companhia de Saneamento Bsc DEDSP,$11.56
SBUX,Starbucks Corporation,$76.53
SCCO,Southern Copper Corp,$43.71
SCHW,Charles Schwab Corporation Common Stock,$33.15
SENS,Senseonics Holdings Inc,$0.48
SFIX,Stitch Fix Inc,$22.15
SFM,Sprouts Farmers Market Inc,$26.38
SGMO,Sangamo Therapeutics Inc,$10.83
SHAK,Shake Shack Inc,$48.55
SHOP,Shopify Inc,"$1,024.00"
SHW,Sherwin-Williams Co,$647.92
SID,Companhia Siderurgica Nacional,$2.31
SIRI,Sirius XM Holdings Inc,$5.88
SKT,Tanger Factory Outlet Centers Inc.,$6.43
SKX,Skechers USA Inc,$29.28
SLB,Schlumberger NV,$18.14
SLCA,U.S. Silica Holdings Inc,$3.53
SLM,SLM Corp,$6.77
SM,SM Energy Co,$2.95
SMAR,Smartsheet Inc,$47.74
SMFG,"Sumitomo Mitsui Financial Grp, Inc.",$5.35
SNAP,Snap Inc,$22.42
SNE,Sony Corp,$77.96
SNH,Steinhoff International Holdings NV,$0.05
SNPS,"Synopsys, Inc.",$199.22
SO,Southern Co,$54.61
SOGO,Sogou Inc,$8.62
SPCE,Virgin Galactic Holdings Inc,$22.45
SPG,Simon Property Group Inc,$62.35
SPGI,S&P Global Inc,$350.25
SPLK,Splunk Inc,$209.82
SPOT,Spotify Technology SA,$257.82
SPWR,SunPower Corporation,$9.33
SQ,Square Inc,$129.85
SQM,Sociedad Quimica y Minera de Chile,$30.55
SRCI,#N/A,#N/A
SRE,Sempra Energy,$124.46
SSNC,"SS&C Technologies Holdings, Inc.",$57.50
SSSS,NeXt Innovation Corp common stock,$12.61
STAY,#N/A,#N/A
STI,#N/A,#N/A
STLD,"Steel Dynamics, Inc.",$27.41
STNE,StoneCo Ltd,$47.71
STT,State Street Corp,$63.79
STX,Seagate Technology PLC,$45.22
STZ,"Constellation Brands, Inc. Class A",$178.20
SU,Suncor Energy Inc.,$15.76
SUPV,Grupo Supervielle SA -ADR,$2.88
SWK,"Stanley Black & Decker, Inc.",$153.32
SWKS,Skyworks Solutions Inc,$145.58
SWN,Southwestern Energy Company,$2.43
SYF,Synchrony Financial,$22.13
SYK,Stryker Corporation,$193.30
SYY,SYSCO Corporation,$52.85
T,AT&T Inc.,$29.58
TAK,Takeda Pharmaceutical Co Ltd,$18.20
TAL,TAL Education Group,$78.17
TCOM,Trip.com Group Ltd,$27.20
TD,Toronto-Dominion Bank,$44.28
TECK,Teck Resources Ltd Class B,$10.13
TEDU,Tarena International Inc,$1.66
TELL,Tellurian Inc,$0.89
TER,"Teradyne, Inc.",$88.96
TEVA,Teva Pharmaceutical Industries Ltd,$11.54
TFC,Truist Financial Corp,$37.46
TFX,Teleflex Incorporated,$373.10
TGI,Triumph Group Inc,$6.78
TGT,Target Corporation,$125.88
TIF,Tiffany & Co.,$125.36
TIGR,Up Fintech Holding Ltd,$5.27
TJX,TJX Companies Inc,$51.99
TLRD,Tailored Brands Inc,$0.30
TM,Toyota Motor Corp,$119.34
TME,Tencent Music Entertainment Group - ADR,$16.14
TMO,Thermo Fisher Scientific Inc.,$413.95
TMUS,T-Mobile Us Inc,$107.38
TPR,Tapestry Inc,$13.36
TPX,Tempur Sealy International Inc,$80.95
TRGP,Targa Resources Corp,$18.28
TRIP,Tripadvisor Inc Common Stock,$20.23
TROW,T. Rowe Price Group Inc,$138.10
TRQ,Turquoise Hill Resources Ltd,$0.83
TRV,Travelers Companies Inc,$114.42
TRXC,Transenterix Inc,$0.49
TSG,TriStar Gold Inc.,$0.41
TSLA,Tesla Inc,"$1,430.76"
TSM,Taiwan Semiconductor Mfg. Co. Ltd.,$78.89
TSN,"Tyson Foods, Inc.",$61.45
TSU,TIM Participacoes SA,$14.94
TTM,Tata Motors Limited ADR,$6.82
TTWO,"TAKE-TWO INTERACTIVE SOFTWARE, INC Common Stock",$164.02
TV,Grupo Televisa SAB ADR,$5.59
TW,Tradeweb Markets Inc,$54.07
TWLO,Twilio Inc,$277.42
TWO,Two Harbors Investment Corp,$5.43
TWOU,2U Inc,$47.10
TWTR,Twitter Inc,$36.40
TXMD,TherapeuticsMD Inc,$1.85
TXN,Texas Instruments Incorporated,$127.55
UA,Under Armour Inc Class C,$9.49
UAA,Under Armour Inc Class A,$10.52
UAL,United Airlines Holdings Inc,$31.38
UBER,Uber Technologies Inc,$30.26
UCTT,Ultra Clean Holdings Inc,$30.09
UGP,Ultrapar Participacoes SA,$3.60
ULTA,Ulta Beauty Inc,$192.99
UMC,United Microelectronics Corp,$3.70
UNH,UnitedHealth Group Inc,$302.78
UNIT,Uniti Group Inc,$9.90
UNM,Unum Group,$17.23
UNP,Union Pacific Corporation,$173.35
UPS,"United Parcel Service, Inc.",$142.76
URBN,"Urban Outfitters, Inc.",$16.54
USB,U.S. Bancorp,$36.84
UTX,UTX USD,$97.69
UXIN,Uxin Ltd,$1.27
V,Visa Inc,$190.40
VALE,Vale SA,$11.64
VEEV,Veeva Systems Inc,$264.57
VER,Vereit Inc,$6.51
VFC,VF Corp,$60.36
VG,Vonage Holdings Corp.,$11.95
VGR,Vector Group Ltd,$8.82
VIACA,ViacomCBS Inc Class A,$27.74
VICI,VICI Properties Inc,$21.71
VIPS,Vipshop Holdings Ltd - ADR,$22.77
VIV,Telefonica Brasil SA ADR,$10.09
VLO,Valero Energy Corporation,$56.23
VMW,"VMware, Inc.",$140.21
VRSK,"Verisk Analytics, Inc.",$188.71
VRSN,"Verisign, Inc.",$211.68
VRTX,Vertex Pharmaceuticals Incorporated,$272.00
VST,Vistra Corp,$18.66
VTR,"Ventas, Inc.",$38.36
VZ,Verizon Communications Inc.,$57.48
W,Wayfair Inc,$266.09
WAB,Westinghouse Air Brake Technologies Corp,$62.19
WB,Weibo Corp,$34.56
WBA,Walgreens Boots Alliance Inc,$40.71
WDAY,Workday Inc,$180.92
WDC,Western Digital Corp,$43.10
WELL,Welltower Inc,$53.56
WEN,Wendys Co,$23.18
WEX,WEX Inc,$158.37
WFC,Wells Fargo & Co,$24.26
WING,Wingstop Inc,$156.25
WIT,Wipro Limited,$4.32
WLL,Whiting Petroleum Corp,$0.78
WM,"Waste Management, Inc.",$109.60
WMB,Williams Companies Inc,$19.13
WMT,Walmart Inc,$129.40
WORK,Slack Technologies Inc,$29.55
WPG,Washington Prime Group Inc,$0.73
WPX,WPX Energy Inc,$5.97
WRK,Westrock Co,$26.86
WU,The Western Union Company,$24.28
WUBA,58.com Inc,$55.37
WWE,"World Wrestling Entertainment, Inc.",$46.61
WY,Weyerhaeuser Co,$27.81
WYNN,"Wynn Resorts, Limited",$72.43
X,United States Steel Corporation,$6.66
XEC,Cimarex Energy Co,$24.46
XEL,Xcel Energy Inc,$69.04
XGN,Exagen Inc,$12.45
XLNX,"Xilinx, Inc.",$107.35
XOM,Exxon Mobil Corporation,$42.08
XRX,Xerox Holdings Corp,$16.65
YPF,YPF SA,$6.23
YUM,"Yum! Brands, Inc.",$91.05
YUMC,Yum China Holdings Inc,$51.24
YY,JOYY Inc,$79.82
Z,Zillow Group Inc Class C,$68.39
ZAYO,#N/A,#N/A
ZBH,Zimmer Biomet Holdings Inc,$134.86
ZBRA,Zebra Technologies Corp.,$280.75
ZEN,Zendesk Inc,$91.15
ZION,Zions Bancorporation NA,$32.47
ZM,Zoom Video Communications Inc,$253.91
ZNGA,Zynga Inc,$9.83
ZNH,China Southern Airlines Co Ltd,$22.94
ZS,Zscaler Inc,$129.85
ZTO,ZTO Express (Cayman) Inc,$37.05
ZTS,Zoetis Inc,$151.68